First Name,Last Name,Email,Company,Lead Status,ID,account_id
Kathryn,Garza,kgarza0@desdev.cn,Oyonder,New,1,99
Jesse,Lewis,jlewis1@arstechnica.com,Divanoodle,New,2,62
Linda,Moreno,lmoreno2@clickbank.net,Skiba,New,3,64
Charles,Carroll,ccarroll3@gnu.org,Dabfeed,New,4,20
Betty,Moore,bmoore4@jimdo.com,Zooveo,New,5,70
Alan,Bryant,abryant5@addtoany.com,Edgewire,New,6,41
Julia,Nguyen,jnguyen6@simplemachines.org,Vimbo,New,7,49
Peter,Romero,promero7@intel.com,Skidoo,New,8,45
Carolyn,Snyder,csnyder8@posterous.com,Tagfeed,New,9,83
Jimmy,Andrews,jandrews9@ning.com,Layo,New,10,71
Bruce,Cooper,bcoopera@furl.net,Brainsphere,New,11,66
Wanda,Andrews,wandrewsb@princeton.edu,Skipstorm,New,12,47
Clarence,West,cwestc@nature.com,Feedfire,New,13,13
Diana,Castillo,dcastillod@youku.com,Cogilith,New,14,95
Randy,Romero,rromeroe@weebly.com,Vidoo,New,15,71
Catherine,Castillo,ccastillof@google.co.uk,Fivebridge,New,16,15
Frances,Myers,fmyersg@desdev.cn,Twitterbridge,New,17,97
Kimberly,Day,kdayh@usatoday.com,Realmix,New,18,50
Nancy,Campbell,ncampbelli@businessinsider.com,Cogilith,New,19,7
Kathy,Bell,kbellj@uiuc.edu,Meembee,New,20,38
Tammy,Sullivan,tsullivank@ox.ac.uk,Quimba,New,21,80
Stephanie,Hall,shalll@ustream.tv,Kamba,New,22,28
Jessica,Barnes,jbarnesm@timesonline.co.uk,Babbleset,New,23,94
Shawn,Greene,sgreenen@linkedin.com,Realfire,New,24,48
Richard,Harper,rharpero@eventbrite.com,Gevee,New,25,20
Julie,Peters,jpetersp@hao123.com,Demizz,New,26,27
Maria,Reed,mreedq@blogs.com,Bubbletube,New,27,56
Todd,Castillo,tcastillor@admin.ch,Twitterlist,New,28,59
Angela,Wood,awoods@yellowbook.com,Snaptags,New,29,46
Donna,Evans,devanst@webmd.com,Youopia,New,30,9
Jerry,Fowler,jfowleru@ycombinator.com,Jaxworks,New,31,90
Paul,Diaz,pdiazv@eventbrite.com,Realmix,New,32,78
Ruby,Bennett,rbennettw@ted.com,Janyx,New,33,89
Bonnie,Reyes,breyesx@csmonitor.com,Talane,New,34,24
Susan,Henry,shenryy@dot.gov,Feednation,New,35,92
Benjamin,Harvey,bharveyz@slashdot.org,Voomm,New,36,20
Christopher,Duncan,cduncan10@cmu.edu,Twitterbridge,New,37,55
Peter,Rogers,progers11@bigcartel.com,Blogtags,New,38,48
Melissa,Hamilton,mhamilton12@constantcontact.com,Shufflebeat,New,39,23
Janet,Mendoza,jmendoza13@cornell.edu,Feedmix,New,40,6
Andrea,Coleman,acoleman14@addthis.com,Eire,New,41,73
Randy,Perry,rperry15@usatoday.com,Twitterwire,New,42,66
Fred,Graham,fgraham16@senate.gov,Katz,New,43,98
Brenda,Perez,bperez17@creativecommons.org,Ooba,New,44,76
Kevin,Ramos,kramos18@drupal.org,Skyble,New,45,98
Albert,Vasquez,avasquez19@facebook.com,Skyba,New,46,39
George,Morrison,gmorrison1a@mtv.com,Tagchat,New,47,63
Barbara,Payne,bpayne1b@sina.com.cn,Jatri,New,48,29
Nancy,Gomez,ngomez1c@admin.ch,Topicshots,working,49,95
Laura,Castillo,lcastillo1d@webs.com,Browsetype,Working,50,38
Shawn,Bradley,sbradley1e@eepurl.com,Tagopia,Working,51,47
Joseph,Morgan,jmorgan1f@indiatimes.com,Kaymbo,Working,52,24
Pamela,Clark,pclark1g@paginegialle.it,Jaxnation,Working,53,69
Marie,Hunter,mhunter1h@trellian.com,Leenti,Working,54,69
Diana,Rodriguez,drodriguez1i@google.co.uk,Livepath,Working,55,30
Julie,Hansen,jhansen1j@mit.edu,Yombu,Working,56,66
Thomas,Banks,tbanks1k@wordpress.com,Jaxworks,Working,57,62
Donna,Owens,dowens1l@smh.com.au,Realfire,Working,58,44
Roy,Ruiz,rruiz1m@behance.net,Gigaclub,Working,59,39
Heather,Wilson,hwilson1n@ezinearticles.com,Ntag,Working,60,61
Susan,Burton,sburton1o@netlog.com,Photobug,Working,61,80
Joyce,Brooks,jbrooks1p@ftc.gov,Shufflester,Working,62,62
Ruby,Black,rblack1q@theglobeandmail.com,Nlounge,Working,63,80
Alice,Gardner,agardner1r@feedburner.com,BlogXS,Working,64,57
Jason,Lawrence,jlawrence1s@topsy.com,Feedmix,Working,65,76
Lois,Bailey,lbailey1t@twitter.com,LiveZ,Working,66,38
Christopher,Armstrong,carmstrong1u@google.com,Wordware,Working,67,33
Theresa,Holmes,tholmes1v@scribd.com,Trupe,Working,68,58
Samuel,Burke,sburke1w@jiathis.com,Bubblebox,Working,69,55
Donna,Payne,dpayne1x@deliciousdays.com,Photobug,Working,70,24
William,Williams,wwilliams1y@adobe.com,Aibox,Working,71,92
Jesse,Lynch,jlynch1z@walmart.com,Vidoo,Working,72,2
Amy,Lewis,alewis20@posterous.com,Browseblab,Working,73,94
Helen,Alvarez,halvarez21@hc360.com,Leenti,Working,74,70
Irene,Carter,icarter22@tinyurl.com,Fivechat,Working,75,11
Lawrence,Cruz,lcruz23@miibeian.gov.cn,Kare,Working,76,100
Deborah,Andrews,dandrews24@sun.com,Browsebug,Working,77,32
Carlos,Moore,cmoore25@prlog.org,Centidel,Working,78,26
Joyce,Freeman,jfreeman26@taobao.com,Flipopia,Working,79,78
Linda,Holmes,lholmes27@princeton.edu,Quamba,Working,80,39
Ralph,James,rjames28@mapquest.com,Meeveo,Working,81,17
Aaron,Bowman,abowman29@reuters.com,Eayo,Working,82,90
Judith,Ruiz,jruiz2a@un.org,Kazio,Working,83,75
Karen,Martin,kmartin2b@fema.gov,Miboo,Working,84,29
Diana,Smith,dsmith2c@cnn.com,Ozu,Working,85,82
Robert,Bryant,rbryant2d@homestead.com,Nlounge,Working,86,30
Katherine,Morrison,kmorrison2e@marketwatch.com,Kare,Working,87,86
Anthony,Thompson,athompson2f@list-manage.com,Gigabox,Working,88,92
Jason,Butler,jbutler2g@fotki.com,Feedfire,Working,89,37
Nicole,Hall,nhall2h@skyrock.com,Topicshots,Working,90,90
Marilyn,Simpson,msimpson2i@abc.net.au,Pixonyx,Working,91,41
Antonio,Carr,acarr2j@blogs.com,Youbridge,Working,92,31
Stephen,Murphy,smurphy2k@vinaora.com,Oba,Working,93,56
Martin,Flores,mflores2l@wikimedia.org,Brightdog,Working,94,69
Rachel,Schmidt,rschmidt2m@toplist.cz,Riffpedia,Working,95,1
Justin,Davis,jdavis2n@weibo.com,Meedoo,Working,96,47
Shawn,Harris,sharris2o@businessinsider.com,Lajo,Working,97,96
Brian,Rivera,brivera2p@pinterest.com,Aimbu,Working,98,100
Joyce,Hanson,jhanson2q@dyndns.org,Kwilith,Working,99,48
George,Hansen,ghansen2r@networkadvertising.org,Tekfly,Working,100,43
