companyEXTID,first_name,last_name,email,country,lead_id,account_id
1,Phillip,Barnes,pbarnes0@about.com,United States,55,99
2,Kathryn,Hansen,khansen1@ustream.tv,United States,91,18
3,Roy,Edwards,redwards2@bravesites.com,United States,78,26
4,George,Morris,gmorris3@symantec.com,United States,25,4
5,Donald,Clark,dclark4@squarespace.com,United States,59,24
6,Martha,Ray,mray5@archive.org,United States,55,71
7,Bobby,Wilson,bwilson6@reuters.com,United States,71,2
8,Jerry,Ray,jray7@comcast.net,United States,54,94
9,Jonathan,Thompson,jthompson8@hatena.ne.jp,United States,30,95
10,Kimberly,Rogers,krogers9@un.org,United States,33,65
11,Betty,Ryan,bryana@taobao.com,United States,50,3
12,Kathleen,Harris,kharrisb@networkadvertising.org,United States,38,45
13,Jessica,Peterson,jpetersonc@columbia.edu,United States,15,53
14,Benjamin,Nguyen,bnguyend@tiny.cc,United States,65,57
15,Roy,Parker,rparkere@apache.org,United States,98,67
16,Adam,Perry,aperryf@chronoengine.com,United States,76,1
17,Chris,Bennett,cbennettg@github.io,United States,67,37
18,Anna,Jones,ajonesh@patch.com,United States,43,56
19,Roy,Jackson,rjacksoni@simplemachines.org,United States,75,100
20,Gary,Carpenter,gcarpenterj@technorati.com,United States,21,38
21,Denise,Daniels,ddanielsk@globo.com,United States,43,6
22,Judith,Rivera,jriveral@pinterest.com,United States,29,80
23,Juan,Henry,jhenrym@uiuc.edu,United States,51,58
24,Deborah,Brooks,dbrooksn@tripod.com,United States,44,3
25,Kimberly,Day,kdayo@flavors.me,United States,51,15
26,Anna,Johnson,ajohnsonp@princeton.edu,United States,96,100
27,Timothy,Ellis,tellisq@washingtonpost.com,United States,30,99
28,Philip,Andrews,pandrewsr@cargocollective.com,United States,77,58
29,Mary,Fields,mfieldss@mtv.com,United States,51,75
30,Tammy,Warren,twarrent@weebly.com,United States,41,34
31,Kenneth,Burton,kburtonu@purevolume.com,United States,43,84
32,Joe,Bailey,jbaileyv@surveymonkey.com,United States,64,63
33,Steven,Gonzalez,sgonzalezw@163.com,United States,72,30
34,Jeffrey,Jones,jjonesx@issuu.com,United States,3,25
35,Todd,Larson,tlarsony@telegraph.co.uk,United States,29,24
36,Terry,Murphy,tmurphyz@tiny.cc,United States,2,49
37,Phyllis,Peters,ppeters10@nba.com,United States,7,93
38,Robin,Fernandez,rfernandez11@ebay.co.uk,United States,69,26
39,Wanda,Hernandez,whernandez12@parallels.com,United States,94,8
40,Diane,Bell,dbell13@opera.com,United States,84,24
41,Bruce,Cole,bcole14@mysql.com,United States,16,25
42,Lois,Price,lprice15@microsoft.com,United States,10,83
43,Theresa,Cunningham,tcunningham16@vimeo.com,United States,57,38
44,Laura,Robertson,lrobertson17@cargocollective.com,United States,4,88
45,Anthony,Snyder,asnyder18@disqus.com,United States,72,18
46,Anna,Diaz,adiaz19@cyberchimps.com,United States,15,29
47,Howard,Hudson,hhudson1a@hexun.com,United States,36,75
48,Janice,Lane,jlane1b@guardian.co.uk,United States,21,51
49,Anthony,Bishop,abishop1c@t.co,United States,35,64
50,Theresa,Hunter,thunter1d@latimes.com,United States,95,62
51,Keith,Lawrence,klawrence1e@diigo.com,United States,13,69
52,Keith,Sanchez,ksanchez1f@exblog.jp,United States,58,45
53,Sarah,Hamilton,shamilton1g@oracle.com,United States,74,51
54,Gregory,Garcia,ggarcia1h@marketwatch.com,United States,16,95
55,Walter,Watson,wwatson1i@bizjournals.com,United States,98,26
56,Juan,Perez,jperez1j@myspace.com,United States,62,5
57,Diana,Morales,dmorales1k@fda.gov,United States,36,4
58,Catherine,Garcia,cgarcia1l@themeforest.net,United States,81,84
59,Wanda,Lewis,wlewis1m@hostgator.com,United States,93,31
60,Beverly,Alexander,balexander1n@hugedomains.com,United States,39,8
61,Rebecca,Peters,rpeters1o@diigo.com,United States,81,100
62,Stephanie,Lee,slee1p@arstechnica.com,United States,87,58
63,Ruby,Alexander,ralexander1q@telegraph.co.uk,United States,81,86
64,Paula,Reyes,preyes1r@ebay.com,United States,30,11
65,Kelly,Owens,kowens1s@mail.ru,United States,38,60
66,Gerald,Moreno,gmoreno1t@usatoday.com,United States,31,2
67,Jerry,Porter,jporter1u@sun.com,United States,96,93
68,Henry,Sanchez,hsanchez1v@cafepress.com,United States,87,16
69,Adam,Lynch,alynch1w@ifeng.com,United States,53,24
70,Douglas,Myers,dmyers1x@live.com,United States,91,8
71,Samuel,Anderson,sanderson1y@blogger.com,United States,56,84
72,Theresa,Wagner,twagner1z@bizjournals.com,United States,21,49
73,Henry,Diaz,hdiaz20@meetup.com,United States,100,39
74,Ashley,Rivera,arivera21@prweb.com,United States,32,28
75,Betty,Johnson,bjohnson22@blogspot.com,United States,19,54
76,Cynthia,Hayes,chayes23@dropbox.com,United States,49,19
77,David,Jordan,djordan24@fastcompany.com,United States,38,72
78,Heather,Dixon,hdixon25@oracle.com,United States,99,8
79,Theresa,Reed,treed26@yelp.com,United States,88,54
80,Earl,Garza,egarza27@ucsd.edu,United States,25,38
81,Diane,Butler,dbutler28@wikispaces.com,United States,36,13
82,Michael,Greene,mgreene29@cnet.com,United States,18,94
83,Johnny,Payne,jpayne2a@nba.com,United States,58,9
84,Harold,Griffin,hgriffin2b@ocn.ne.jp,United States,92,50
85,Marie,Cooper,mcooper2c@yahoo.com,United States,23,14
86,Adam,Long,along2d@economist.com,United States,30,85
87,Jeremy,Cooper,jcooper2e@dyndns.org,United States,49,75
88,Sara,Welch,swelch2f@vinaora.com,United States,78,69
89,Anne,Fernandez,afernandez2g@blogspot.com,United States,25,71
90,Jack,Reynolds,jreynolds2h@nature.com,United States,48,98
91,Jean,Henry,jhenry2i@newyorker.com,United States,17,20
92,Willie,Ramirez,wramirez2j@freewebs.com,United States,31,18
93,Fred,Allen,fallen2k@irs.gov,United States,73,67
94,Kenneth,Gonzales,kgonzales2l@dailymail.co.uk,United States,32,31
95,Earl,Reynolds,ereynolds2m@aboutads.info,United States,59,20
96,Raymond,Berry,rberry2n@rediff.com,United States,20,16
97,Wanda,Mendoza,wmendoza2o@123-reg.co.uk,United States,13,43
98,Bruce,Bowman,bbowman2p@hud.gov,United States,44,12
99,Mary,Ferguson,mferguson2q@studiopress.com,United States,41,77
100,Billy,Wallace,bwallace2r@comsenz.com,United States,32,67
